customer_id,customer_name,gender,age,order_id
1,Leanna Busson,Female,30,455
1,Leanna Busson,Female,30,670
1,Leanna Busson,Female,30,729
2,Zabrina Harrowsmith,Genderfluid,69,0
3,Shina Dullaghan,Polygender,59,0
4,Hewet McVitie,Bigender,67,0
5,Rubia Ashleigh,Polygender,30,0
6,Cordey Tolcher,Genderfluid,40,0
7,Winslow Ewbanck,Bigender,76,465
8,Marlowe Wynn,Agender,75,0
9,Brittaney Gontier,Male,51,0
10,Susanetta Wilshin,Bigender,70,595
11,Michaeline McIndrew,Agender,39,560
12,Fedora Dmych,Bigender,78,134
13,Marabel Swinfon,Male,42,398
14,Chrissie Wackly,Bigender,36,0
15,Avril Rossiter,Genderfluid,34,200
15,Avril Rossiter,Genderfluid,34,995
16,Gabbie Aldwinckle,Male,75,885
17,Devonna Cutting,Genderfluid,32,0
18,Chan Duchesne,Male,79,191
18,Chan Duchesne,Male,79,354
19,Chadwick Cruddas,Agender,41,274
20,Gigi Kalaher,Genderqueer,55,432
20,Gigi Kalaher,Genderqueer,55,641
21,Seana Hearons,Non-binary,31,377
21,Seana Hearons,Non-binary,31,616
21,Seana Hearons,Non-binary,31,664
22,Blayne Sabatier,Non-binary,20,668
23,Alair Grimwad,Female,32,515
24,Rici Fogden,Genderfluid,49,0
25,Ernaline Luce,Genderqueer,75,609
26,Timothy Compston,Genderqueer,50,550
27,Jayme Turvie,Polygender,55,748
28,Hadley Baddam,Non-binary,79,208
28,Hadley Baddam,Non-binary,79,226
29,Tyrus Pitkaithly,Male,20,0
30,Bernice Grindle,Female,38,0
31,Tammara Dionisetti,Non-binary,36,0
32,Devlin Labet,Genderqueer,32,0
33,Luca Hantusch,Male,44,0
34,Ninon Corteney,Non-binary,55,267
35,Adamo Saddington,Male,80,844
35,Adamo Saddington,Male,80,948
36,Xever Giacomelli,Genderqueer,27,0
37,Zulema Teml,Male,75,0
38,Joly Hagley,Male,34,0
39,Legra Neaverson,Genderqueer,80,0
40,Regan Gronaller,Polygender,59,732
40,Regan Gronaller,Polygender,59,753
41,Hana Stitch,Male,65,320
42,Horatius Genever,Genderqueer,37,778
43,Rodie Klaiser,Non-binary,34,0
44,Avivah Chipchase,Bigender,60,787
45,Vicki Stockwell,Male,27,932
46,Meris Twitty,Agender,68,355
47,Jarrett Brumby,Polygender,54,410
48,Ronnie Shiril,Male,79,0
49,Shanna Pietrzyk,Female,56,534
49,Shanna Pietrzyk,Female,56,553
49,Shanna Pietrzyk,Female,56,947
50,Moore Oolahan,Genderqueer,63,635
50,Moore Oolahan,Genderqueer,63,714
51,Kayley Brosoli,Non-binary,52,36
51,Kayley Brosoli,Non-binary,52,127
51,Kayley Brosoli,Non-binary,52,479
52,Marena Lockhart,Male,47,352
53,Reinhold Gooble,Male,51,0
54,Tore Caras,Genderqueer,62,575
54,Tore Caras,Genderqueer,62,945
55,Giles Kyne,Polygender,45,526
56,Vinny Niland,Agender,33,0
57,Anne-corinne Enrich,Male,65,0
58,Aurie Margett,Agender,39,8
58,Aurie Margett,Agender,39,298
58,Aurie Margett,Agender,39,507
59,Martita Quakley,Male,58,0
60,Hyacinth Pepper,Agender,20,524
61,Lin Avraam,Genderqueer,65,473
62,Denice Ledrane,Bigender,32,212
62,Denice Ledrane,Bigender,32,884
63,Kleon Trobey,Non-binary,78,0
64,Annabella Devote,Genderfluid,75,1
65,Bertine Puddefoot,Female,64,0
66,Vasili Shearston,Polygender,34,0
67,Reta Jefferies,Male,59,0
68,Willa Gaisford,Female,23,75
68,Willa Gaisford,Female,23,247
69,Tiphany Peacop,Bigender,79,965
70,Dulcea Shrawley,Female,48,357
71,Tana Pawley,Bigender,63,0
72,Marinna Heal,Genderfluid,42,937
73,Jehanna Water,Polygender,48,809
74,Tracy Ebenezer,Genderqueer,79,0
75,Katinka Currier,Non-binary,75,112
75,Katinka Currier,Non-binary,75,380
76,Chandra Carine,Agender,51,943
77,Angela Kester,Male,62,489
78,Jethro Pollak,Genderqueer,38,37
78,Jethro Pollak,Genderqueer,38,691
79,Persis Spiteri,Genderfluid,46,527
80,Opal Bermingham,Polygender,65,0
81,Lanny Wardale,Female,30,570
81,Lanny Wardale,Female,30,863
82,Laina Baudains,Polygender,53,0
83,Kayne Fraczkiewicz,Agender,40,762
84,Minta Loble,Female,63,163
84,Minta Loble,Female,63,980
85,Cornie Virr,Genderqueer,27,472
86,Corinna Maystone,Non-binary,76,40
86,Corinna Maystone,Non-binary,76,249
87,Barbara-anne Salerg,Agender,53,990
88,Kendall Jakubski,Male,78,730
88,Kendall Jakubski,Male,78,866
89,Matthiew Hinckes,Female,51,269
90,Warner Chevin,Non-binary,40,0
91,Keen Murrhaupt,Polygender,72,0
92,Hillary Guiness,Agender,27,195
92,Hillary Guiness,Agender,27,272
92,Hillary Guiness,Agender,27,695
93,Law Foker,Genderfluid,66,62
94,Otha Skein,Genderqueer,46,401
95,Pierre Rockwill,Non-binary,33,314
96,Garvy Davioud,Genderfluid,41,69
96,Garvy Davioud,Genderfluid,41,362
97,Dean McLarty,Female,39,477
97,Dean McLarty,Female,39,919
98,Kenyon Lemerle,Female,78,0
99,Benji Vineall,Genderqueer,75,324
100,Wilhelm Blaber,Genderfluid,69,447
100,Wilhelm Blaber,Genderfluid,69,780
100,Wilhelm Blaber,Genderfluid,69,873
101,Gerard Gilkison,Male,38,0
102,Hurleigh Sieb,Genderfluid,32,467
102,Hurleigh Sieb,Genderfluid,32,621
102,Hurleigh Sieb,Genderfluid,32,852
103,Monica Teodorski,Bigender,77,464
104,Nanny Franey,Agender,73,567
105,Madelin Matityahu,Male,71,0
106,Rachel Colebrook,Genderqueer,38,97
106,Rachel Colebrook,Genderqueer,38,835
107,Sandy Yushachkov,Genderfluid,35,229
107,Sandy Yushachkov,Genderfluid,35,597
107,Sandy Yushachkov,Genderfluid,35,705
107,Sandy Yushachkov,Genderfluid,35,744
108,Merrill Care,Bigender,57,788
108,Merrill Care,Bigender,57,888
108,Merrill Care,Bigender,57,963
109,Karoly Wadge,Polygender,72,0
110,Giralda Trewin,Genderfluid,65,197
111,Eada Viccary,Female,52,482
112,Hadlee Douthwaite,Female,42,291
113,Hew Cardinal,Agender,57,166
114,Cecile Jayume,Bigender,30,0
115,Adair Ruddoch,Genderfluid,28,0
116,Erik Osgar,Genderfluid,35,986
117,Alexei Hurburt,Female,75,972
118,Meghan Simic,Male,57,821
119,Margeaux Getley,Polygender,65,0
120,Didi Garton,Polygender,60,12
121,Nollie Yorath,Non-binary,26,0
122,Katey Dubbin,Non-binary,71,0
123,Yardley Dreamer,Female,22,452
123,Yardley Dreamer,Female,22,755
123,Yardley Dreamer,Female,22,926
123,Yardley Dreamer,Female,22,982
124,Pate De Ambrosis,Non-binary,54,21
125,Lesli Pitfield,Bigender,77,510
126,Hashim Banes,Genderfluid,48,0
127,Merl Gayforth,Genderfluid,30,107
128,Daisy Camillo,Male,48,938
129,Beatrisa Winterscale,Non-binary,68,202
129,Beatrisa Winterscale,Non-binary,68,416
129,Beatrisa Winterscale,Non-binary,68,935
130,Jeniece Dumbare,Non-binary,71,0
131,Stephanus Torbett,Female,33,0
132,Christian Simko,Male,26,0
133,Bette-ann Harteley,Bigender,49,234
134,Raul Pockey,Male,64,710
135,Mycah Rodie,Genderfluid,25,548
135,Mycah Rodie,Genderfluid,25,723
136,Camala Bradbeer,Non-binary,38,0
137,Fin Betjes,Non-binary,29,0
138,Lorna Srawley,Non-binary,62,0
139,Vida Matchitt,Male,73,834
140,Frankie Wewell,Genderfluid,43,0
141,Jewelle Gatiss,Non-binary,25,0
142,Valerie D'Errico,Bigender,75,584
143,Hewitt Hanscome,Non-binary,80,0
144,Elaina Agate,Male,60,738
145,Mirabelle Bampkin,Genderqueer,43,0
146,Lawry Mannooch,Agender,50,385
147,Mahmud Pumfrett,Male,42,0
148,Ikey Spohr,Polygender,53,936
149,Marven Argontt,Non-binary,25,0
150,Biddy Devanney,Male,26,930
151,Lucie Lyenyng,Non-binary,25,0
152,Panchito Wybern,Female,79,0
153,Jeramey Kopacek,Agender,73,0
154,Ricky Fraser,Agender,68,0
155,Myrle Kelby,Male,80,430
155,Myrle Kelby,Male,80,611
156,Cosmo Leys,Female,24,302
156,Cosmo Leys,Female,24,671
157,Miguelita Rasp,Female,70,0
158,Ann-marie Sinden,Genderqueer,33,61
159,Marga Longhurst,Bigender,73,0
160,Christi Reston,Male,26,114
161,Katalin Tellesson,Agender,29,179
162,Ignacius Gardiner,Polygender,33,0
163,Harrietta Burchatt,Genderfluid,20,57
163,Harrietta Burchatt,Genderfluid,20,449
163,Harrietta Burchatt,Genderfluid,20,547
164,Lyda Schneidau,Non-binary,54,0
165,Beau Schwandermann,Male,21,0
166,Stesha Lusted,Agender,67,0
167,Alayne Ipplett,Agender,34,64
168,Gwenore Samudio,Non-binary,27,0
169,Wald Kaine,Female,72,767
170,Melania Murton,Genderfluid,57,0
171,Mariellen Medendorp,Agender,80,580
172,Gennifer Sharpus,Male,73,0
173,Mychal Mynett,Non-binary,78,0
174,Iona Middlewick,Male,68,0
175,Patrica Penny,Non-binary,80,0
176,Curtis McCarroll,Male,45,665
177,Wake Guard,Genderfluid,25,0
178,Gunner Murdie,Agender,51,740
179,Leeann Gowdie,Agender,52,253
179,Leeann Gowdie,Agender,52,316
180,Nelli Engall,Genderfluid,21,22
180,Nelli Engall,Genderfluid,21,68
180,Nelli Engall,Genderfluid,21,480
181,Puff Newbury,Polygender,27,84
181,Puff Newbury,Polygender,27,367
182,Ricardo James,Male,80,0
183,Martin O'Mailey,Female,44,633
183,Martin O'Mailey,Female,44,812
183,Martin O'Mailey,Female,44,840
184,Holden Whybrow,Bigender,43,0
185,Darrelle Padson,Polygender,67,448
186,Neill Steptoe,Non-binary,63,0
187,Trenton Lydiard,Genderfluid,70,790
188,Poul Rossi,Agender,23,0
189,Deedee Pashe,Bigender,28,265
189,Deedee Pashe,Bigender,28,911
189,Deedee Pashe,Bigender,28,916
190,Jewel Dericut,Agender,58,0
191,Isis Doel,Agender,76,245
192,Tommy Ebunoluwa,Female,63,504
193,Harland Hawkeridge,Polygender,77,0
194,Brennen Breward,Male,61,0
195,Tobye De Caville,Genderfluid,72,54
196,Erroll Michelle,Genderqueer,25,518
197,Dorris Simonsson,Non-binary,67,0
198,Yevette Weekes,Genderqueer,66,761
199,Clayson Mealing,Genderqueer,65,326
200,Melba Badam,Genderqueer,68,0
201,Loni Tort,Polygender,58,288
201,Loni Tort,Polygender,58,658
202,Jewel Roakes,Female,67,0
203,Angil Crunden,Non-binary,30,537
204,Bird McGarvie,Female,60,13
205,Elicia Flaunders,Genderfluid,23,0
206,Crin Johnikin,Polygender,66,28
206,Crin Johnikin,Polygender,66,199
206,Crin Johnikin,Polygender,66,390
206,Crin Johnikin,Polygender,66,409
207,Brade Caught,Genderqueer,56,296
207,Brade Caught,Genderqueer,56,644
207,Brade Caught,Genderqueer,56,760
208,Shaylyn Musla,Bigender,71,159
209,Lauryn Deport,Female,29,103
209,Lauryn Deport,Female,29,347
209,Lauryn Deport,Female,29,955
210,Arden Lasselle,Polygender,79,0
211,Rowena Doe,Non-binary,52,739
212,Evelyn Chevolleau,Polygender,79,414
213,Karl Ramsell,Polygender,25,0
214,Whitaker Pashen,Female,55,731
215,Alida Spitaro,Non-binary,57,0
216,Pattin Carley,Genderqueer,50,0
217,Silvan Norcross,Bigender,29,0
218,Worthington Knapton,Non-binary,78,576
219,Jerald MacMeeking,Male,44,808
220,Francisca Accum,Bigender,79,0
221,Araldo Washtell,Polygender,43,974
222,Ewen Bate,Male,40,0
223,Saxe Stormonth,Non-binary,51,512
223,Saxe Stormonth,Non-binary,51,823
224,Shelbi Impson,Genderfluid,78,172
225,Monty Gowen,Genderfluid,75,619
225,Monty Gowen,Genderfluid,75,715
226,Neilla Moring,Non-binary,73,0
227,Isaak Ferrarone,Non-binary,26,481
228,Zaria Garken,Female,40,236
228,Zaria Garken,Female,40,711
229,Codie Escalero,Female,20,0
230,Bourke Pembery,Bigender,21,696
231,Keeley Nassie,Genderqueer,33,0
232,Kaitlyn Pinare,Male,24,973
233,Beverlie Blance,Agender,33,625
234,Duncan Walliker,Genderfluid,37,217
234,Duncan Walliker,Genderfluid,37,305
235,Beck Oldham,Non-binary,32,0
236,Anders Couvert,Non-binary,80,79
236,Anders Couvert,Non-binary,80,178
236,Anders Couvert,Non-binary,80,356
237,Cassaundra Sliman,Agender,71,142
238,Hilda Peter,Non-binary,30,468
239,Daria Embleton,Genderfluid,63,315
240,Brian Finnes,Genderqueer,25,184
240,Brian Finnes,Genderqueer,25,792
241,Valentine Marley,Bigender,61,181
241,Valentine Marley,Bigender,61,713
242,Aimee Giorgio,Genderqueer,28,0
243,Jo ann Snoden,Female,20,0
244,Faunie Cooney,Male,38,461
244,Faunie Cooney,Male,38,519
244,Faunie Cooney,Male,38,949
245,Elva Root,Bigender,36,0
246,Lucias Forsythe,Bigender,40,328
247,Atlante McGrotty,Female,57,669
247,Atlante McGrotty,Female,57,987
248,Danica Brunker,Polygender,38,0
249,Torie Minihan,Agender,59,0
250,Lavina Dartnell,Polygender,23,261
250,Lavina Dartnell,Polygender,23,460
251,Jeanne Pringer,Female,78,85
252,Franciska Yosevitz,Polygender,44,0
253,Stewart Heggman,Bigender,48,0
254,Scot Billany,Male,44,751
254,Scot Billany,Male,44,850
255,Justis Butter,Polygender,29,0
256,Dulcia Gawthorpe,Bigender,46,232
256,Dulcia Gawthorpe,Bigender,46,297
257,Trista Aspray,Genderfluid,61,98
258,Mira Heinonen,Female,62,381
258,Mira Heinonen,Female,62,793
259,Bartlet Whiffin,Bigender,78,0
260,Whitney Scarman,Female,27,30
260,Whitney Scarman,Female,27,704
261,Bernita Orae,Bigender,61,0
262,Dasi Kovelmann,Genderfluid,34,0
263,Ringo Sollars,Genderfluid,22,243
264,Vite Durrant,Male,40,552
265,Ianthe Magowan,Male,52,776
266,Sheff Ruoss,Non-binary,55,313
266,Sheff Ruoss,Non-binary,55,915
267,Lionel Mansel,Bigender,45,205
267,Lionel Mansel,Bigender,45,677
268,Muire Ashtonhurst,Male,47,993
269,Rutger Hugonnet,Bigender,20,437
269,Rutger Hugonnet,Bigender,20,859
270,Brion Grinaugh,Bigender,47,0
271,Harri Lotherington,Genderqueer,30,0
272,Kendre Etherton,Genderqueer,22,925
272,Kendre Etherton,Genderqueer,22,971
273,Dag Schiefersten,Bigender,46,92
274,Crysta Attride,Polygender,60,0
275,Marthena Oxbury,Female,62,0
276,Silas Chaman,Genderfluid,56,683
277,Kary Melding,Non-binary,62,0
278,Michele Osmant,Non-binary,73,897
279,Hamilton Buck,Bigender,48,0
280,Skyler Streeton,Non-binary,50,0
281,Karla Teresia,Genderfluid,24,0
282,Wren Helgass,Female,59,427
282,Wren Helgass,Female,59,471
282,Wren Helgass,Female,59,511
282,Wren Helgass,Female,59,542
282,Wren Helgass,Female,59,942
283,Jaymee Dalrymple,Male,23,446
284,Rourke Binstead,Non-binary,65,0
285,Ricky Steels,Male,56,0
286,Gert Brackstone,Polygender,34,439
287,Teodor Van der Velde,Male,66,0
288,Matilde Yanuk,Male,24,214
289,Rafferty Fronek,Genderqueer,43,856
290,Alia Rapinett,Male,67,583
291,Brodie Hedin,Genderqueer,43,99
292,Aldin Moline,Male,25,209
292,Aldin Moline,Male,25,827
293,Kat Champness,Male,36,0
294,Flss Jillins,Agender,30,0
295,Parker Guiraud,Polygender,49,0
296,Isis Stonard,Non-binary,50,0
297,Anneliese Pardew,Genderqueer,22,0
298,Roobbie Persich,Female,29,137
299,Anny Midden,Non-binary,32,18
299,Anny Midden,Non-binary,32,747
300,Darren Karpenko,Female,24,674
301,Elga Corgenvin,Non-binary,47,60
302,Warden Windram,Bigender,38,0
303,De Lourens,Genderqueer,75,283
304,Luke Salliere,Bigender,79,0
305,Meryl Kender,Genderqueer,25,901
306,Silas Stephens,Polygender,68,839
306,Silas Stephens,Polygender,68,967
307,Matthew Schneidau,Female,50,0
308,Zeb Shipton,Genderfluid,70,599
308,Zeb Shipton,Genderfluid,70,679
309,Ulla Crombie,Genderqueer,29,175
310,Sharyl Royl,Polygender,61,702
310,Sharyl Royl,Polygender,61,842
311,Constantino Langworthy,Agender,25,699
312,Gavra Wheowall,Male,74,0
313,Courtnay Cornewell,Agender,24,256
314,Goddart Glusby,Non-binary,56,0
315,Jeff Curness,Genderqueer,49,177
315,Jeff Curness,Genderqueer,49,861
316,Sadella Goodsall,Genderqueer,67,975
317,Gates Torrance,Male,48,260
317,Gates Torrance,Male,48,833
318,Glyn Tieman,Polygender,63,325
318,Glyn Tieman,Polygender,63,756
318,Glyn Tieman,Polygender,63,881
319,Royall Lowrie,Genderfluid,49,0
320,Dani Pinches,Polygender,43,152
321,Jena Kelling,Female,44,125
322,Jacynth Stillmann,Genderfluid,30,0
323,Ellerey Kaesmakers,Genderfluid,40,804
324,Fredrick Cleynman,Agender,39,0
325,Robinetta Deners,Genderqueer,68,87
325,Robinetta Deners,Genderqueer,68,201
325,Robinetta Deners,Genderqueer,68,431
326,Meade Yglesia,Genderfluid,54,126
326,Meade Yglesia,Genderfluid,54,673
327,Lynda Seydlitz,Non-binary,71,634
327,Lynda Seydlitz,Non-binary,71,703
328,Wadsworth Olivier,Non-binary,59,238
328,Wadsworth Olivier,Non-binary,59,659
328,Wadsworth Olivier,Non-binary,59,950
329,Valery Pache,Polygender,53,275
330,Barclay Kinsella,Male,47,551
331,Binnie Gonzales,Polygender,32,138
331,Binnie Gonzales,Polygender,32,399
332,Carla Walework,Male,75,58
332,Carla Walework,Male,75,889
333,Con Pressdee,Non-binary,57,655
334,Udale Ripping,Agender,68,366
335,Van Winley,Male,76,0
336,Julian Sponer,Male,35,49
337,Milton Otson,Non-binary,78,292
338,Eve Stutard,Female,75,831
339,Haslett Nodes,Non-binary,59,0
340,Jarrid Coston,Genderfluid,24,0
341,Cherlyn Asmus,Female,34,337
341,Cherlyn Asmus,Female,34,387
341,Cherlyn Asmus,Female,34,687
342,Tymothy Linsay,Genderqueer,45,867
343,Violet Alwen,Non-binary,47,528
344,Archaimbaud Barnewelle,Bigender,68,0
345,Merrielle Piken,Genderqueer,62,996
346,Kerianne Parris,Genderqueer,40,997
347,Lyn Bouts,Female,20,544
348,Thorny Nornable,Genderqueer,76,310
348,Thorny Nornable,Genderqueer,76,342
348,Thorny Nornable,Genderqueer,76,626
348,Thorny Nornable,Genderqueer,76,775
348,Thorny Nornable,Genderqueer,76,841
349,Ronda Badby,Agender,34,0
350,Dani Hawtin,Bigender,23,891
351,Alfonso Locket,Bigender,23,0
352,Justin Marden,Bigender,31,495
353,Lurette McKay,Male,22,0
354,Sula Shepherd,Polygender,57,0
355,Sherwynd Klimkov,Agender,36,0
356,Gerianne Burree,Female,23,0
357,Crawford Bolden,Polygender,41,151
358,Jermaine Goranov,Genderfluid,64,35
359,Augustin Brandenberg,Genderfluid,28,984
360,Iain Fellnee,Male,68,883
361,Drucy Ham,Polygender,64,0
362,Persis Linch,Genderqueer,39,960
363,Gay MacNeice,Female,47,0
364,Konstantin Kuhlmey,Polygender,28,290
365,Tammie Gavrielli,Genderqueer,25,851
366,Geraldine Naulty,Agender,64,104
367,Hildagarde Dell 'Orto,Bigender,51,333
367,Hildagarde Dell 'Orto,Bigender,51,964
368,Mady Greenleaf,Genderfluid,61,222
369,Ephrem Hambers,Female,46,203
369,Ephrem Hambers,Female,46,646
370,Hildegarde Bamlett,Agender,38,879
370,Hildegarde Bamlett,Agender,38,954
371,Etan Peirazzi,Genderqueer,63,453
371,Etan Peirazzi,Genderqueer,63,617
372,Griffy Wenger,Genderqueer,53,263
373,Annabella Jocic,Polygender,44,0
374,Sigfried Oglesbee,Agender,24,0
375,Ninetta Phizakarley,Agender,77,422
375,Ninetta Phizakarley,Agender,77,826
376,Korie Iglesiaz,Polygender,30,0
377,Alanson Colton,Female,72,0
378,Andy McPhillimey,Bigender,48,0
379,Lilah Mabe,Non-binary,76,0
380,Gratiana Theurer,Agender,65,0
381,Tait Else,Polygender,20,0
382,Emanuele Deesly,Genderfluid,24,521
382,Emanuele Deesly,Genderfluid,24,970
383,Nathanil Runchman,Non-binary,23,444
383,Nathanil Runchman,Non-binary,23,875
384,Chiarra Vaneev,Genderfluid,37,0
385,Kelsey Bend,Female,55,0
386,Cleon Emmatt,Agender,29,0
387,Alameda Fincke,Male,43,719
387,Alameda Fincke,Male,43,733
388,Dame Popov,Genderfluid,38,65
389,Caroljean Elstob,Agender,41,165
390,Bee Mazonowicz,Bigender,36,309
391,Reed Churchlow,Male,75,74
392,Svend Griffey,Agender,26,0
393,Anni Heinsius,Genderfluid,34,0
394,Eba Bauser,Bigender,26,724
395,Mordecai Westberg,Non-binary,70,0
396,Sunny Bisgrove,Agender,32,0
397,Collie Jakel,Female,50,929
398,Damiano Leyborne,Non-binary,50,624
399,Ailene McKeller,Agender,46,51
400,Bernarr Pote,Polygender,62,0
401,Waylen Swallwell,Non-binary,73,187
401,Waylen Swallwell,Non-binary,73,241
401,Waylen Swallwell,Non-binary,73,549
401,Waylen Swallwell,Non-binary,73,722
402,Zak Titterton,Non-binary,22,587
402,Zak Titterton,Non-binary,22,605
403,Kimberli Canavan,Polygender,78,0
404,Teddy Gell,Non-binary,79,408
405,Alfonse Shills,Male,78,0
406,Paige Uebel,Agender,59,227
407,Murdock Bulfit,Male,41,998
408,Alis MacCulloch,Genderfluid,66,899
409,Alphonse Galego,Male,75,339
409,Alphonse Galego,Male,75,900
410,Harman Finding,Polygender,64,0
411,Theobald Klazenga,Genderqueer,52,0
412,Chandal Fransinelli,Polygender,21,34
412,Chandal Fransinelli,Polygender,21,164
412,Chandal Fransinelli,Polygender,21,295
413,Alexis Maps,Bigender,25,95
414,Ansel Chittem,Polygender,51,331
414,Ansel Chittem,Polygender,51,864
415,Ashley Gant,Polygender,40,96
415,Ashley Gant,Polygender,40,194
416,Leonore Yakunikov,Agender,21,774
416,Leonore Yakunikov,Agender,21,805
417,Bay Kraut,Non-binary,57,654
418,Luelle Fernanando,Agender,57,794
418,Luelle Fernanando,Agender,57,921
419,Chaddie Fawlkes,Male,58,433
420,Yehudit Coote,Genderfluid,44,0
421,Kellyann Stening,Genderfluid,62,190
422,Farah Schukert,Agender,34,769
422,Farah Schukert,Agender,34,800
422,Farah Schukert,Agender,34,908
423,Datha Vicary,Agender,32,282
424,Katherine Sewter,Non-binary,80,0
425,Saleem Isac,Genderfluid,38,0
426,Augusto Ackrill,Bigender,40,293
427,Tomaso Mullin,Genderqueer,25,412
427,Tomaso Mullin,Genderqueer,25,661
427,Tomaso Mullin,Genderqueer,25,795
428,Jammal Varcoe,Polygender,66,129
428,Jammal Varcoe,Polygender,66,999
429,Lucille Carwithim,Genderqueer,48,0
430,Khalil Duffil,Female,56,0
431,Ronni Gruszczak,Agender,41,162
431,Ronni Gruszczak,Agender,41,428
431,Ronni Gruszczak,Agender,41,777
432,Ettie Gonnely,Bigender,34,939
433,Candis Roswarne,Non-binary,46,4
433,Candis Roswarne,Non-binary,46,251
433,Candis Roswarne,Non-binary,46,318
434,Marci Borrett,Agender,20,574
435,Aldridge Tesh,Agender,41,173
436,Meredith Canniffe,Polygender,41,784
437,Fifine Baron,Genderfluid,23,0
438,Atlante Cure,Bigender,80,0
439,Daren Airs,Female,75,130
439,Daren Airs,Female,75,545
439,Daren Airs,Female,75,647
439,Daren Airs,Female,75,905
440,Terri Ivanaev,Polygender,64,0
441,Artemas Vasilischev,Bigender,53,5
441,Artemas Vasilischev,Bigender,53,454
442,Hobie Anfusso,Polygender,26,565
443,Melodee Spencley,Bigender,49,27
443,Melodee Spencley,Bigender,49,171
444,Sara Gelder,Polygender,79,0
445,Margret Yeabsley,Polygender,44,746
445,Margret Yeabsley,Polygender,44,785
446,Benny Songist,Non-binary,47,397
446,Benny Songist,Non-binary,47,896
447,Shena Solomonides,Bigender,68,726
448,Ashely Inmett,Genderqueer,61,89
449,Cherey Instone,Male,74,0
450,Devonne Martinetto,Genderfluid,59,456
451,Mallory Dillinton,Polygender,21,0
452,Toddie Snow,Genderqueer,27,478
453,Guthry Ure,Polygender,35,737
454,Abey Bampforth,Genderfluid,28,50
454,Abey Bampforth,Genderfluid,28,682
455,Wash Kyneton,Non-binary,60,946
456,Joelynn Remington,Agender,33,105
456,Joelynn Remington,Agender,33,666
457,North Diamond,Male,27,248
457,North Diamond,Male,27,845
458,Romy Cuberley,Genderqueer,42,386
459,Maybelle Houchen,Non-binary,62,0
460,Frederich Duigenan,Genderfluid,31,631
461,Alina Strotton,Female,54,182
461,Alina Strotton,Female,54,396
461,Alina Strotton,Female,54,819
462,Francklyn Willeman,Non-binary,45,150
463,Iago Jedrzaszkiewicz,Agender,58,681
463,Iago Jedrzaszkiewicz,Agender,58,977
464,Abbot Rickaert,Polygender,64,0
465,Mallory Castellani,Female,38,720
465,Mallory Castellani,Female,38,781
465,Mallory Castellani,Female,38,898
465,Mallory Castellani,Female,38,909
466,Vinnie Feaver,Male,28,39
466,Vinnie Feaver,Male,28,332
467,Cacilie Forrestill,Bigender,53,379
467,Cacilie Forrestill,Bigender,53,530
468,Maegan Ashton,Genderqueer,67,15
469,Faber Purcell,Female,78,24
469,Faber Purcell,Female,78,180
469,Faber Purcell,Female,78,271
469,Faber Purcell,Female,78,383
470,Trudey Betteridge,Genderfluid,45,76
470,Trudey Betteridge,Genderfluid,45,878
471,Hayyim Trewhella,Non-binary,31,123
472,Hal Saker,Male,57,571
472,Hal Saker,Male,57,786
473,Lori Briars,Male,61,2
473,Lori Briars,Male,61,221
474,Clem Margetts,Non-binary,21,712
475,Caroljean Hukins,Male,61,0
476,Orton Heigl,Genderfluid,64,791
477,Cornell Spurrett,Genderqueer,32,0
478,Krystle Boyce,Non-binary,71,351
479,Dunc Swynley,Genderqueer,20,572
479,Dunc Swynley,Genderqueer,20,657
480,Dugald Aubri,Non-binary,50,0
481,Laurent St. Paul,Female,51,0
482,Stanley Kolakowski,Agender,63,420
483,Cristiano Downing,Female,35,0
484,Padraig Jouannisson,Female,43,0
485,Gayleen Brookes,Male,46,335
485,Gayleen Brookes,Male,46,365
485,Gayleen Brookes,Male,46,502
486,Alexis Cheake,Agender,66,612
487,Nehemiah Yurenin,Male,21,0
488,Mariellen Wheelband,Genderfluid,45,0
489,Isahella Enrique,Polygender,59,281
490,Bank Sargeaunt,Male,57,457
490,Bank Sargeaunt,Male,57,541
490,Bank Sargeaunt,Male,57,865
491,Devy Jowle,Bigender,31,0
492,Jolee Stailey,Bigender,62,115
492,Jolee Stailey,Bigender,62,604
493,Andrew Renn,Bigender,63,52
493,Andrew Renn,Bigender,63,405
493,Andrew Renn,Bigender,63,991
494,Wanids Jarmain,Female,51,0
495,Darci Barten,Male,80,0
496,John Panchen,Bigender,32,988
497,Claudio Archibould,Bigender,31,174
497,Claudio Archibould,Bigender,31,230
498,Park Robberecht,Male,31,0
499,Henrietta Briatt,Agender,24,294
500,Carlen Kelway,Non-binary,78,149
501,Archibaldo Taffurelli,Genderqueer,73,579
501,Archibaldo Taffurelli,Genderqueer,73,802
502,Neilla Halladey,Male,34,716
502,Neilla Halladey,Male,34,931
503,Vinni Itzkovich,Male,68,0
504,Marilyn Rontree,Genderqueer,56,67
504,Marilyn Rontree,Genderqueer,56,557
505,Chuck Bernini,Bigender,63,0
506,Eddie Elcott,Agender,37,516
507,Brooks Sayers,Polygender,74,423
508,Jan Isenor,Non-binary,65,394
509,Anderson Bridywater,Genderfluid,63,0
510,Kinny Roget,Non-binary,67,116
510,Kinny Roget,Non-binary,67,278
511,Preston Nehlsen,Genderfluid,63,0
512,Haydon Burnyeat,Agender,75,0
513,Corri Womack,Non-binary,39,19
514,Gui Bowgen,Bigender,45,0
515,Joannes Pandie,Female,52,211
515,Joannes Pandie,Female,52,593
515,Joannes Pandie,Female,52,846
515,Joannes Pandie,Female,52,951
516,Malcolm Paal,Polygender,69,523
517,Ingmar Softley,Female,61,0
518,Margalo Cousen,Agender,31,250
519,Dedra Traite,Bigender,28,0
520,Manny Fochs,Agender,76,0
521,Maxy Easthope,Bigender,41,0
522,Ailina Kynan,Genderqueer,71,284
522,Ailina Kynan,Genderqueer,71,648
523,Grissel Harteley,Bigender,22,532
524,Beverlie Bansal,Agender,80,822
525,Melisse Hopfer,Agender,28,0
526,Ellyn Collacombe,Male,73,215
526,Ellyn Collacombe,Male,73,344
526,Ellyn Collacombe,Male,73,728
527,Imogen Barritt,Genderqueer,31,0
528,Cad Dominichetti,Non-binary,63,53
528,Cad Dominichetti,Non-binary,63,141
529,Heda Sheard,Genderqueer,32,0
530,Leroi Weal,Polygender,63,239
530,Leroi Weal,Polygender,63,268
530,Leroi Weal,Polygender,63,608
531,Onfre Main,Non-binary,55,0
532,Maiga Jeffcoate,Non-binary,32,0
533,Ruby Extal,Genderfluid,21,0
534,Fanchette Polak,Female,54,628
535,Kerry Luto,Polygender,56,301
535,Kerry Luto,Polygender,56,752
536,Kayley Shankster,Genderqueer,32,0
537,Beverly Burbridge,Non-binary,45,83
537,Beverly Burbridge,Non-binary,45,304
537,Beverly Burbridge,Non-binary,45,402
538,Gabbi Champkins,Agender,27,0
539,Sonny Tremollet,Male,78,136
539,Sonny Tremollet,Male,78,140
539,Sonny Tremollet,Male,78,334
540,Maude McCaig,Genderfluid,75,0
541,Shari Rotte,Polygender,73,0
542,Cass Murrell,Polygender,76,0
543,Birgitta Mantz,Polygender,50,0
544,Reilly Jime,Female,30,0
545,Jakob Munks,Non-binary,59,119
546,Dniren Borrows,Bigender,47,0
547,Kellen Buttriss,Female,69,0
548,Nicky Giuron,Agender,57,638
549,Barclay Beswick,Male,50,121
549,Barclay Beswick,Male,50,308
549,Barclay Beswick,Male,50,603
549,Barclay Beswick,Male,50,956
550,Marna Lammerts,Male,22,871
551,Theodor Skipton,Bigender,68,280
551,Theodor Skipton,Bigender,68,424
552,Carlyle Slides,Genderfluid,71,0
553,Niels Loadsman,Genderfluid,30,440
553,Niels Loadsman,Genderfluid,30,902
554,Lisetta Griffin,Non-binary,56,109
555,Kalil Thal,Polygender,77,220
556,Nessy Kildea,Genderfluid,61,63
556,Nessy Kildea,Genderfluid,61,368
557,Kyle Lowbridge,Bigender,59,874
558,Lizette Lindro,Genderqueer,38,533
558,Lizette Lindro,Genderqueer,38,768
558,Lizette Lindro,Genderqueer,38,877
559,Florella Cowup,Bigender,67,0
560,Ritchie Cromly,Genderqueer,79,0
561,Beverlee Pimlott,Genderqueer,34,0
562,Joy Mirrlees,Agender,58,25
562,Joy Mirrlees,Agender,58,132
563,Frans Crebbin,Bigender,53,0
564,Shoshana Redsell,Bigender,34,16
565,Hoebart Edger,Genderqueer,73,113
565,Hoebart Edger,Genderqueer,73,959
566,Melissa Partkya,Male,23,161
566,Melissa Partkya,Male,23,451
566,Melissa Partkya,Male,23,556
566,Melissa Partkya,Male,23,847
566,Melissa Partkya,Male,23,876
567,Andi Kettleson,Female,39,88
568,Gallard Mangan,Bigender,64,204
568,Gallard Mangan,Bigender,64,492
569,Emyle Camoletto,Non-binary,61,0
570,Henryetta Sheffield,Genderqueer,35,43
570,Henryetta Sheffield,Genderqueer,35,860
571,Kristofor Roos,Agender,22,45
571,Kristofor Roos,Agender,22,188
571,Kristofor Roos,Agender,22,254
571,Kristofor Roos,Agender,22,376
571,Kristofor Roos,Agender,22,474
571,Kristofor Roos,Agender,22,500
572,Raquela Swinnard,Agender,27,815
573,Atlante Dissman,Male,37,106
573,Atlante Dissman,Male,37,148
573,Atlante Dissman,Male,37,772
574,Ranna Paolillo,Polygender,53,176
574,Ranna Paolillo,Polygender,53,496
574,Ranna Paolillo,Polygender,53,688
575,Rickey Britt,Genderqueer,64,0
576,Braden Stephens,Female,24,0
577,Hillier Seward,Genderfluid,32,857
577,Hillier Seward,Genderfluid,32,914
577,Hillier Seward,Genderfluid,32,958
578,Riordan Goreway,Genderfluid,75,240
579,Welch Cape,Female,45,0
580,Tirrell Webber,Male,25,0
581,Fabian Gostage,Polygender,40,373
581,Fabian Gostage,Polygender,40,651
581,Fabian Gostage,Polygender,40,985
582,Amberly Seckington,Female,65,0
583,Prissie Dumelow,Genderqueer,52,564
584,Page Nise,Genderqueer,76,0
585,Alicea Momford,Non-binary,23,120
585,Alicea Momford,Non-binary,23,535
586,Wenona Stuck,Agender,34,189
586,Wenona Stuck,Agender,34,892
587,Carmita Grundey,Agender,35,56
587,Carmita Grundey,Agender,35,622
588,Nicole Cheel,Genderfluid,48,33
588,Nicole Cheel,Genderfluid,48,591
589,Calhoun Raphael,Polygender,57,413
589,Calhoun Raphael,Polygender,57,707
590,Prentiss Stroder,Polygender,31,0
591,Danny Brabham,Agender,30,0
592,Salomo Shuttell,Bigender,64,796
593,Dorotea Markl,Genderfluid,22,0
594,Feliks Loren,Male,44,0
595,Thomasine Baudet,Female,60,167
595,Thomasine Baudet,Female,60,933
595,Thomasine Baudet,Female,60,989
596,Rowan Medford,Non-binary,68,0
597,Hi Simenel,Genderfluid,80,913
598,Leupold Baake,Non-binary,65,0
599,Onfroi Axten,Male,43,0
600,George Ghion,Male,50,0
601,Sol Adhams,Male,55,388
601,Sol Adhams,Male,55,828
602,Kip Cantwell,Bigender,54,341
603,Tabbi Carden,Bigender,50,0
604,Doralia Nyssens,Genderqueer,75,0
605,Stanleigh Hazelton,Female,25,255
605,Stanleigh Hazelton,Female,25,869
606,Averyl Atthow,Polygender,53,218
606,Averyl Atthow,Polygender,53,425
607,Angie O Mullen,Male,42,110
608,Lotte Jaouen,Genderfluid,32,0
609,Vin Rubenovic,Polygender,61,539
610,Sadye Pes,Agender,31,72
611,Conny Chowne,Female,67,559
611,Conny Chowne,Female,67,563
612,Leann Kittow,Female,35,588
613,Melamie Craigmyle,Genderqueer,78,0
614,Sherwynd Batsford,Polygender,45,17
614,Sherwynd Batsford,Polygender,45,566
614,Sherwynd Batsford,Polygender,45,620
615,Jacquelin Santostefano.,Non-binary,42,336
616,Natal Burnsides,Male,68,0
617,Kaine Greep,Genderfluid,72,0
618,Ashlan Hebden,Bigender,27,0
619,Vernon Bindley,Bigender,60,0
620,Phillipe Gatecliffe,Male,35,48
620,Phillipe Gatecliffe,Male,35,279
620,Phillipe Gatecliffe,Male,35,816
620,Phillipe Gatecliffe,Male,35,855
621,Krysta Chaster,Genderqueer,32,0
622,Clem Sink,Non-binary,35,0
623,Hort Ridding,Agender,57,266
623,Hort Ridding,Agender,57,378
623,Hort Ridding,Agender,57,734
624,Angelia Lasseter,Genderqueer,46,0
625,Zorina Rabl,Bigender,31,803
626,Tann Scothron,Genderqueer,64,7
627,Codie Everly,Genderfluid,51,32
627,Codie Everly,Genderfluid,51,832
628,Frayda Simonini,Non-binary,75,224
628,Frayda Simonini,Non-binary,75,466
629,Sigismundo Basek,Male,53,94
629,Sigismundo Basek,Male,53,131
629,Sigismundo Basek,Male,53,653
630,Nicholle Coom,Male,49,196
630,Nicholle Coom,Male,49,338
631,Wanids Cudby,Female,49,66
632,Darby Jeffries,Agender,55,562
632,Darby Jeffries,Agender,55,757
633,Daniel Najafian,Male,50,0
634,Channa Powley,Genderqueer,70,694
635,Harry Mullany,Male,59,0
636,Nara Legerwood,Male,24,264
636,Nara Legerwood,Male,24,807
637,Morie Woodfield,Bigender,58,244
638,Olympia Stobbs,Female,23,488
638,Olympia Stobbs,Female,23,598
639,Tobin Jeffryes,Non-binary,40,118
639,Tobin Jeffryes,Non-binary,40,966
639,Tobin Jeffryes,Non-binary,40,969
640,Uriel Cottingham,Genderqueer,49,198
641,Zebulon Rousel,Agender,62,246
641,Zebulon Rousel,Agender,62,463
642,Beverley Yourell,Polygender,79,0
643,Pietro Duling,Female,36,389
643,Pietro Duling,Female,36,486
643,Pietro Duling,Female,36,745
644,Ashlie Godwyn,Polygender,46,207
644,Ashlie Godwyn,Polygender,46,630
645,Tamarah Costley,Female,75,0
646,Staffard Ouldred,Bigender,49,0
647,Malory Emmison,Male,51,498
647,Malory Emmison,Male,51,870
648,Jaquelyn Dow,Genderfluid,38,450
648,Jaquelyn Dow,Genderfluid,38,506
648,Jaquelyn Dow,Genderfluid,38,607
649,Willey Tolley,Genderfluid,74,890
650,Hamlen Jeannon,Bigender,68,0
651,Beckie Nasey,Genderfluid,61,799
652,Roley Cassedy,Male,63,23
653,Pieter Bruton,Polygender,21,853
654,Gareth Bindon,Female,42,206
655,Jillene Goodbanne,Agender,77,375
656,Nils MacVean,Bigender,54,0
657,Orran Skip,Male,25,223
657,Orran Skip,Male,25,962
658,Powell Ivakhnov,Genderfluid,70,0
659,Ira Dafforne,Non-binary,57,10
659,Ira Dafforne,Non-binary,57,277
659,Ira Dafforne,Non-binary,57,701
660,Slade Villaret,Genderfluid,47,765
661,Engracia Abilowitz,Male,45,359
662,Nerita Peotz,Female,58,941
663,Audra Barnewelle,Bigender,71,0
664,Dannie Fidler,Genderfluid,32,168
664,Dannie Fidler,Genderfluid,32,225
664,Dannie Fidler,Genderfluid,32,546
664,Dannie Fidler,Genderfluid,32,814
664,Dannie Fidler,Genderfluid,32,895
665,Jedidiah Sydall,Genderfluid,61,718
666,Maggee Le Houx,Genderqueer,72,0
667,Annice Kelcey,Polygender,30,219
668,Dominic Caswall,Male,61,0
669,Bobbi Pickerill,Genderfluid,68,887
670,Charlton Shilling,Female,49,0
671,Lucian Maymand,Polygender,53,0
672,Levy Zappel,Genderfluid,59,0
673,Carlynn McCabe,Male,59,343
674,Marthena Matterson,Bigender,36,154
674,Marthena Matterson,Bigender,36,725
675,Elsi Strawbridge,Non-binary,20,0
676,Haslett Edwins,Bigender,59,509
677,Nady Buston,Female,33,672
677,Nady Buston,Female,33,983
678,Dare Andrich,Agender,79,213
679,Osgood Percifer,Genderqueer,76,307
679,Osgood Percifer,Genderqueer,76,520
680,Camellia Heatherington,Bigender,78,77
680,Camellia Heatherington,Bigender,78,627
680,Camellia Heatherington,Bigender,78,854
681,Shermy Mulbry,Polygender,79,78
682,Alon Abramsky,Polygender,27,613
683,Esteban Hensmans,Genderfluid,45,252
683,Esteban Hensmans,Genderfluid,45,312
683,Esteban Hensmans,Genderfluid,45,783
684,Camala Llywarch,Agender,78,806
685,Leelah Mapston,Bigender,46,0
686,Elbertina Gaish,Polygender,22,322
687,Amalia Eallis,Bigender,22,708
688,Margeaux Woodburne,Non-binary,40,0
689,Ransell MacKilroe,Polygender,62,0
690,Arlie Bowman,Genderqueer,34,42
690,Arlie Bowman,Genderqueer,34,499
690,Arlie Bowman,Genderqueer,34,615
691,Silvie Bortol,Genderfluid,73,421
691,Silvie Bortol,Genderfluid,73,652
692,Perceval Umbers,Bigender,20,589
692,Perceval Umbers,Bigender,20,606
693,Hetti Fibbens,Genderqueer,45,442
693,Hetti Fibbens,Genderqueer,45,596
693,Hetti Fibbens,Genderqueer,45,749
694,Grace Budgeon,Genderqueer,55,0
695,Carlota Sparshott,Bigender,48,0
696,Miner Craddock,Non-binary,38,475
696,Miner Craddock,Non-binary,38,717
697,Antonia Yeardsley,Agender,51,692
698,Cary Boaler,Genderfluid,27,779
699,Arlan Maffini,Genderqueer,79,0
700,Marianne Tollow,Genderqueer,64,0
701,Bennett Castellanos,Polygender,67,0
702,Magda Dring,Non-binary,80,0
703,Diann Grieger,Polygender,26,920
703,Diann Grieger,Polygender,26,922
704,Willie Leader,Polygender,21,0
705,Darill Gromley,Bigender,60,0
706,Stephen MacAleese,Agender,43,501
707,Fremont Tewnion,Polygender,69,0
708,Debee Lording,Genderfluid,51,581
709,Lilli Bavester,Genderfluid,65,384
710,Avivah Roddick,Male,60,327
710,Avivah Roddick,Male,60,741
711,Lin Norville,Male,42,270
711,Lin Norville,Male,42,345
711,Lin Norville,Male,42,594
711,Lin Norville,Male,42,678
712,Elna Brimicombe,Agender,71,0
713,Joey Duffield,Agender,71,0
714,Marnie Dennington,Female,50,693
715,Lindsey McCuthais,Bigender,61,183
716,Cassandry Cuniffe,Non-binary,41,0
717,Mellisent Druhan,Agender,20,961
718,Kirbee Hardesty,Male,23,0
719,Dori Sarney,Male,31,0
720,Theodoric McMennum,Genderqueer,40,0
721,Jeane Witherington,Polygender,25,0
722,Rebekah Sailer,Agender,53,0
723,Drusi Eagell,Polygender,34,210
724,Etheline Bahde,Female,66,824
725,Bucky Cragell,Non-binary,23,160
726,Rey Grasner,Genderqueer,27,391
726,Rey Grasner,Genderqueer,27,441
727,Herschel Verdey,Female,26,31
727,Herschel Verdey,Female,26,153
727,Herschel Verdey,Female,26,156
727,Herschel Verdey,Female,26,371
728,Kellie Curbishley,Agender,51,395
729,Gerri McCarle,Female,54,369
729,Gerri McCarle,Female,54,417
729,Gerri McCarle,Female,54,558
730,Rutger Willison,Male,73,0
731,Olimpia Tankus,Genderfluid,39,231
732,Gorden Seago,Genderfluid,80,26
732,Gorden Seago,Genderfluid,80,122
732,Gorden Seago,Genderfluid,80,348
732,Gorden Seago,Genderfluid,80,614
733,Otto Matyasik,Genderqueer,67,953
734,Vivien Beatson,Male,77,0
735,Valentino Branney,Bigender,46,610
736,Delia Mably,Female,55,81
736,Delia Mably,Female,55,573
736,Delia Mably,Female,55,934
737,Zebulen Zannotti,Genderqueer,60,505
737,Zebulen Zannotti,Genderqueer,60,667
738,Lilyan Pirt,Genderqueer,55,910
739,Kristel Klaaassen,Female,57,346
739,Kristel Klaaassen,Female,57,436
739,Kristel Klaaassen,Female,57,650
740,Meryl Neeson,Non-binary,73,494
740,Meryl Neeson,Non-binary,73,514
740,Meryl Neeson,Non-binary,73,957
741,Manuel Edis,Female,60,0
742,Selestina Dauber,Polygender,44,258
742,Selestina Dauber,Polygender,44,483
742,Selestina Dauber,Polygender,44,531
743,Demetris Kamall,Non-binary,57,0
744,Timmy Bullivent,Male,79,0
745,Lindy Saltrese,Non-binary,31,419
746,Dennie Lawson,Female,32,0
747,Cristen Hagley,Bigender,25,306
748,Grange Loding,Female,77,0
749,Devina Squirrel,Genderqueer,27,0
750,Mirabelle Vaney,Polygender,42,742
750,Mirabelle Vaney,Polygender,42,917
751,Iorgos Sinisbury,Genderqueer,39,0
752,Odelia Juszkiewicz,Polygender,42,0
753,Mufi Sagerson,Non-binary,48,0
754,Ninnetta Lammin,Bigender,74,429
754,Ninnetta Lammin,Bigender,74,538
754,Ninnetta Lammin,Bigender,74,735
755,Herbert Rock,Female,79,721
756,Galen Sokell,Female,34,0
757,Taffy Quimby,Non-binary,31,458
757,Taffy Quimby,Non-binary,31,476
757,Taffy Quimby,Non-binary,31,569
758,Mallissa Lawdham,Genderfluid,44,303
758,Mallissa Lawdham,Genderfluid,44,750
759,Charmian Wakelin,Female,30,0
760,Lee Matterson,Bigender,49,0
761,Jan Gligori,Non-binary,52,522
762,Eloise Ondrusek,Polygender,43,789
763,Annalise Abramovitch,Genderfluid,37,0
764,Brod Phifer,Polygender,32,561
764,Brod Phifer,Polygender,32,811
765,Marni Figiovanni,Non-binary,59,968
766,Allix Langdale,Agender,66,0
767,Waylin Gasson,Genderqueer,37,235
767,Waylin Gasson,Genderqueer,37,529
767,Waylin Gasson,Genderqueer,37,923
768,Aida Warsap,Bigender,52,810
769,Sigmund Bothen,Male,21,462
769,Sigmund Bothen,Male,21,543
770,Thorsten Sowrey,Polygender,50,992
771,Paul McGavigan,Genderfluid,74,411
772,Marlee Edser,Genderqueer,71,540
772,Marlee Edser,Genderqueer,71,709
773,Paxon O'Shiel,Genderfluid,55,228
774,Ellynn Korba,Genderqueer,34,3
774,Ellynn Korba,Genderqueer,34,353
774,Ellynn Korba,Genderqueer,34,944
775,Edee Wildt,Bigender,56,276
776,Felice Dumbleton,Genderfluid,24,124
776,Felice Dumbleton,Genderfluid,24,426
777,Danna Burleigh,Female,50,0
778,Chastity Daniaud,Genderfluid,20,643
778,Chastity Daniaud,Genderfluid,20,754
778,Chastity Daniaud,Genderfluid,20,976
779,Aimil Rapa,Agender,20,0
780,Cinda Alleyne,Genderfluid,55,912
781,Denny Parlour,Genderfluid,36,758
782,Ansell Fudge,Agender,39,0
783,Gusty Smallacombe,Female,49,491
783,Gusty Smallacombe,Female,49,568
783,Gusty Smallacombe,Female,49,582
784,Susy De Meyer,Male,76,0
785,Jillana Blankau,Genderfluid,54,11
786,Lorine McLugish,Agender,23,924
787,Sharl Izzett,Female,31,660
787,Sharl Izzett,Female,31,825
788,Gwenette Kahen,Male,71,700
789,Bone Perche,Genderqueer,36,20
789,Bone Perche,Genderqueer,36,903
790,Drake Ivanilov,Genderqueer,67,41
791,Jojo Toffanini,Agender,34,47
791,Jojo Toffanini,Agender,34,382
792,Thomasa Antunez,Bigender,56,0
793,Tressa Cunnane,Agender,70,636
793,Tressa Cunnane,Agender,70,736
794,Elizabet Pippin,Non-binary,72,111
794,Elizabet Pippin,Non-binary,72,645
795,Berri O' Clovan,Agender,49,71
796,Perry McAless,Polygender,26,358
797,Rachelle Jelf,Female,32,517
798,Adrianna Slack,Agender,56,0
799,Gibbie Beardall,Polygender,67,287
799,Gibbie Beardall,Polygender,67,686
800,Katusha Ceney,Bigender,49,6
800,Katusha Ceney,Bigender,49,680
801,Morgana Weymouth,Female,64,820
801,Morgana Weymouth,Female,64,928
802,Amaleta Beange,Female,72,70
803,Gertrude Harriott,Bigender,68,91
803,Gertrude Harriott,Bigender,68,393
804,Catlin Schurcke,Non-binary,58,0
805,Kilian Chinn,Non-binary,59,0
806,Lonna Domange,Male,79,0
807,Dena Banbrick,Polygender,26,101
807,Dena Banbrick,Polygender,26,311
808,Marvin Van Hault,Bigender,35,623
809,Winn Siemandl,Bigender,76,38
809,Winn Siemandl,Bigender,76,90
810,Charles Duffitt,Non-binary,21,470
811,Matti Anespie,Polygender,72,0
812,Else Bicheno,Male,28,262
813,Saul Franklyn,Male,62,848
813,Saul Franklyn,Male,62,940
813,Saul Franklyn,Male,62,979
814,Delilah Westmerland,Non-binary,46,0
815,Moises Gauler,Female,34,0
816,Edithe Yitshak,Genderfluid,23,490
817,Joella Tiddeman,Polygender,45,100
818,Nathaniel McCandless,Polygender,59,147
819,Pauly Matz,Genderfluid,56,0
820,Normy Anlay,Male,26,329
821,Errol Berkley,Agender,74,698
821,Errol Berkley,Agender,74,882
822,Zena McKeown,Agender,59,0
823,Lennie Carabine,Genderqueer,41,0
824,Andonis Renfree,Genderfluid,45,0
825,Judith Plimmer,Male,46,798
826,Bridgette Ashman,Genderqueer,55,0
827,Eryn Harcus,Agender,37,978
828,Tucky Kitchaside,Female,57,143
828,Tucky Kitchaside,Female,57,158
828,Tucky Kitchaside,Female,57,273
829,Marget Kells,Non-binary,39,237
830,Gertrudis Pergens,Male,46,697
830,Gertrudis Pergens,Male,46,981
831,Bancroft Mollatt,Male,30,0
832,Shay Beentjes,Genderqueer,37,0
833,Hilliard Papes,Genderqueer,27,186
833,Hilliard Papes,Genderqueer,27,321
834,Glenn Keri,Non-binary,61,155
834,Glenn Keri,Non-binary,61,508
835,Randell Shorte,Polygender,25,407
835,Randell Shorte,Polygender,25,642
836,Nixie Fraczak,Genderqueer,29,663
837,Zerk Sandercroft,Genderqueer,53,0
838,Russell Hinkens,Genderqueer,44,0
839,Gaylene Lazare,Female,20,0
840,Ellene Dedam,Agender,25,392
840,Ellene Dedam,Agender,25,577
840,Ellene Dedam,Agender,25,649
841,Rorie Hof,Polygender,23,340
842,Millicent Stedson,Polygender,70,192
842,Millicent Stedson,Polygender,70,554
843,Sheela Dovey,Genderqueer,23,59
844,Lorelle Lancastle,Genderqueer,63,585
844,Lorelle Lancastle,Genderqueer,63,706
845,Zachariah Celle,Agender,53,0
846,Isidore Bleasdille,Genderfluid,72,102
846,Isidore Bleasdille,Genderfluid,72,193
847,Rowena Soall,Agender,61,349
848,Niccolo Saurat,Male,38,0
849,Gina Pollen,Male,29,44
850,Darn McAster,Male,55,0
851,Worthy Pardoe,Non-binary,71,685
852,Lucas Cromly,Polygender,67,9
852,Lucas Cromly,Polygender,67,323
852,Lucas Cromly,Polygender,67,727
853,Brenden Roast,Genderfluid,54,459
854,Lisle Worthing,Female,74,893
855,Belita Hainey,Non-binary,55,0
856,Noellyn Crellim,Bigender,34,0
857,Dianemarie Neicho,Agender,27,759
858,Karrah Byrd,Bigender,59,0
859,Shay Casari,Polygender,38,0
860,Elise Gietz,Bigender,66,0
861,Bartie Sinson,Non-binary,44,0
862,Mellisa de Courcey,Female,63,0
863,Trescha Wheal,Genderqueer,64,0
864,Shaina Leonards,Male,45,0
865,Ondrea Apark,Agender,44,216
865,Ondrea Apark,Agender,44,818
866,Devan Manginot,Bigender,29,0
867,Hunfredo Peyto,Bigender,36,170
868,Berry Rosiello,Agender,28,770
869,Vladimir Jandourek,Non-binary,26,350
870,Lorenzo Dutch,Genderfluid,49,360
870,Lorenzo Dutch,Genderfluid,49,906
871,Calypso Ellaway,Bigender,48,139
871,Calypso Ellaway,Bigender,48,145
872,Brendis Blackboro,Non-binary,74,80
872,Brendis Blackboro,Non-binary,74,782
872,Brendis Blackboro,Non-binary,74,880
873,Cecilla Pigford,Non-binary,38,55
873,Cecilla Pigford,Non-binary,38,640
874,Prissie Kondratovich,Genderqueer,65,86
875,Norbert Hogbin,Bigender,49,0
876,Glynda Dodshon,Male,20,317
877,Humfrid Boshier,Female,35,0
878,Elianore Syphas,Genderfluid,54,133
878,Elianore Syphas,Genderfluid,54,259
879,Rodrique Rawcliff,Agender,45,0
880,Kimbell Rawsen,Male,41,0
881,Rose Sheivels,Polygender,74,0
882,Bartel Clemendet,Genderqueer,43,285
882,Bartel Clemendet,Genderqueer,43,363
882,Bartel Clemendet,Genderqueer,43,618
882,Bartel Clemendet,Genderqueer,43,849
883,Noel Siviour,Polygender,43,952
884,Frederique Hopkins,Bigender,43,689
885,Daniela Finnes,Genderqueer,60,0
886,Emylee Buscher,Non-binary,69,435
886,Emylee Buscher,Non-binary,69,637
887,Killie Wigzell,Male,61,330
888,Teresita Ayling,Genderqueer,22,0
889,Kaitlin Jeanes,Genderqueer,69,676
890,Patrizia Timlett,Female,71,0
891,Vinny Blackstone,Agender,52,0
892,Jania Sailes,Non-binary,44,406
893,Angelle Huby,Genderfluid,57,445
894,Wadsworth Meeke,Non-binary,28,0
895,Robena Gilbert,Genderfluid,37,493
896,Thoma Seaking,Genderqueer,67,675
896,Thoma Seaking,Genderqueer,67,1000
897,Janeta Berni,Male,76,0
898,Jillian Sauven,Bigender,41,590
898,Jillian Sauven,Bigender,41,886
899,Leonerd Vayro,Polygender,42,0
900,Shelden Tinline,Agender,22,497
901,Damiano Morbey,Non-binary,59,0
902,Tuesday Laytham,Genderqueer,58,0
903,Leonhard Webland,Male,48,0
904,Sutherlan Stepto,Genderfluid,48,629
905,Lyssa Moreside,Polygender,53,0
906,Vincent Kiledal,Genderfluid,74,639
907,Aindrea Franzetti,Female,43,400
907,Aindrea Franzetti,Female,43,469
907,Aindrea Franzetti,Female,43,656
908,Kakalina Ragge,Genderqueer,42,93
908,Kakalina Ragge,Genderqueer,42,797
908,Kakalina Ragge,Genderqueer,42,813
909,Patin Circuit,Genderqueer,62,157
909,Patin Circuit,Genderqueer,62,242
909,Patin Circuit,Genderqueer,62,743
910,Basilio Tomsett,Bigender,67,0
911,Ardis Widdop,Male,41,0
912,Chancey Iacovozzo,Agender,60,146
912,Chancey Iacovozzo,Agender,60,300
913,Taylor Milley,Genderqueer,27,0
914,Emmalee Camin,Bigender,39,257
915,Glenine Saladine,Male,70,0
916,Gabriella Nutman,Polygender,24,601
917,Hadleigh Berzons,Genderqueer,36,0
918,Tracie Okey,Polygender,69,418
919,Belia Hovard,Genderqueer,64,0
920,Curcio Kiffin,Polygender,72,994
921,Cindi McCague,Polygender,73,600
922,Adena Venn,Polygender,53,46
922,Adena Venn,Polygender,53,555
923,Mohandis Boyett,Female,54,0
924,Cherie Fairhead,Female,58,662
925,Deirdre Burle,Non-binary,70,364
926,Vittorio Rosenstengel,Genderqueer,68,484
926,Vittorio Rosenstengel,Genderqueer,68,487
926,Vittorio Rosenstengel,Genderqueer,68,578
927,Joby Law,Male,61,82
927,Joby Law,Male,61,536
928,Hughie Trelease,Bigender,63,144
929,Reba Crauford,Genderfluid,68,766
930,Ardath O'Keeffe,Bigender,66,0
931,Monah Belin,Non-binary,59,0
932,Barton Pencott,Male,21,0
933,Lenna Beau,Genderqueer,36,319
934,Friedrick Trevaskus,Female,44,0
935,Pen Andrzejczak,Male,30,108
936,Mart Naismith,Genderfluid,77,128
937,Judy Mesias,Male,70,503
937,Judy Mesias,Male,70,868
938,Chev Bramwell,Non-binary,21,0
939,Renaldo Rigmand,Genderqueer,39,0
940,Jamesy Rennles,Genderqueer,46,434
941,Egon Figliovanni,Female,59,690
942,Lacee Denyukin,Genderfluid,45,135
943,Correy Bacon,Bigender,64,0
944,Peri Pilsworth,Genderfluid,36,817
945,Lorilyn Vittet,Non-binary,48,185
946,Raul Crilly,Genderfluid,24,838
947,Dulsea Collet,Genderqueer,74,415
948,Annabela Wegenen,Genderfluid,37,0
949,Ivan Haill,Non-binary,26,0
950,Eustacia Andreassen,Male,43,513
951,Cy Sabbins,Male,66,829
952,Geri Renton,Female,45,632
953,Berton Kilfeder,Non-binary,69,0
954,Timmie Kelshaw,Non-binary,69,872
955,Dolph Arrow,Bigender,57,764
956,Camile Haveline,Genderfluid,20,684
956,Camile Haveline,Genderfluid,20,830
956,Camile Haveline,Genderfluid,20,843
957,Felic Marrian,Male,75,14
958,Amelita Witterick,Agender,58,0
959,Wallis Harlick,Bigender,57,0
960,Michaella Venton,Agender,71,0
961,Phedra Klinck,Genderqueer,70,0
962,Imelda Behneke,Polygender,45,0
963,Albina Disdel,Genderqueer,47,927
964,Barron Pudge,Polygender,30,0
965,Terri Lunny,Bigender,75,73
965,Terri Lunny,Bigender,75,918
966,Bunni Poundsford,Female,63,443
967,Sibby Dimitriou,Agender,58,0
968,Belvia Lubman,Male,60,0
969,Ginnie Glasheen,Polygender,77,485
970,Delcine Pickthorn,Genderfluid,44,771
971,Constance Piddington,Genderfluid,27,117
971,Constance Piddington,Genderfluid,27,836
971,Constance Piddington,Genderfluid,27,907
972,Mariska Glendining,Non-binary,24,0
973,Lars Stading,Female,60,592
974,Tally Rubel,Agender,66,763
975,Corilla Vicent,Male,43,0
976,Harmony Castle,Bigender,68,0
977,Michell Lappine,Polygender,34,289
978,Roanne Rengger,Genderqueer,71,0
979,Cristiano Skurm,Polygender,69,0
980,Sharleen Langworthy,Agender,35,403
980,Sharleen Langworthy,Agender,35,904
981,Darby Aistrop,Genderqueer,47,374
982,Kermie Ponnsett,Genderqueer,63,0
983,Raddy Youngs,Bigender,26,0
984,Devin Lindmark,Female,57,862
985,Porter Gueste,Male,72,0
986,Theodosia Postins,Polygender,38,370
986,Theodosia Postins,Polygender,38,525
987,Grady Wipper,Genderfluid,70,602
987,Grady Wipper,Genderfluid,70,858
988,Tommie Benoy,Polygender,35,361
989,Sauncho Boosey,Bigender,53,438
989,Sauncho Boosey,Bigender,53,837
990,Sasha Stanman,Agender,38,0
991,Cristina Jowling,Genderfluid,30,372
992,Meredith Stansfield,Female,39,0
993,Orella Singyard,Polygender,24,29
994,Vanna Densham,Female,53,299
995,Leandra Derks,Polygender,63,801
996,Elvira Sarfati,Agender,59,169
996,Elvira Sarfati,Agender,59,233
997,Dickie Grushin,Non-binary,30,0
998,Rebecka Fabler,Polygender,32,286
998,Rebecka Fabler,Polygender,32,404
998,Rebecka Fabler,Polygender,32,586
998,Rebecka Fabler,Polygender,32,773
999,Carita Vynarde,Polygender,30,0
1000,Mandel Fairbanks,Male,71,894
